link,judul,bahan,resep
https://www.dapurumami.com/resep/chicken-egg-roll-ala-aji-no-moto-Al26k,Chicken Egg Roll Ala AJI‑NO‑MOTO®,"
Bahan Bahan
                            
                            
                            
                                                                                                120 gr Daging ayam 
                                                                                                                                25 gr  Wortel parut 
                                                                                                                                50 gr Tahu  
                                                                                                                                2 sdm  Tapioka 
                                                                                                                                1 sdt  AJI-NO-MOTO® 
                                                                                                                                1 sdm  Gula pasir 
                                                                                                                                ½ sdt  Garam 
                                                                                                                                2 btr  Telur dadar 
                                                                                                                                500 ml  Minyak goreng 
","Haluskan daging ayam, tahu, tepung tapioka, telur, AJI‑NO‑MOTO®, garam, dan gula hingga lembut. Masukkan ke dalam wadah, lalu campurkan dengan wortel parut, aduk rata.
Siapkan telur dadar, tuang bahan isian di atas telur dadar, ratakan lalu gulung dan lipat kedua ujungnya.
Kukus egg roll hingga matang. Angkat dan potong-potong.
Panasakan minyak goreng,. Goreng egg roll hingga berwarna kuning keemasan. Angkat dan sajikan."
https://www.dapurumami.com/resep/beef-yakiniku-ala-masako-g1Yst,Beef Yakiniku Ala Masako®,"
Bahan Bahan
                            
                            
                            
                                                                                                150 gr Daging sandung lamur, iris tipis 
                                                                                                                                ¼ bks  Masako® Rasa Sapi 10 gr 
                                                                                                                                1 sdm  Gula pasir 
                                                                                                                                ¼ sdt Merica 
                                                                                                                                50 ml  Air 
                                                                                                                                1 sdt  Minyak wijen 
                                                                                                                                2 sdm Minyak goreng 
","Buat saus : siapkan wadah, masukkan gula pasir, merica, air, dan minyak wijen.
Tambahkan Masako® Rasa Sapi, aduk rata.
Celupkan irisan daging kedalam saus.
Panaskan sedikit minyak di atas wajan anti lengket, panggang daging hingga matang. Angkat dan sajikan."
https://www.dapurumami.com/resep/pangsit-goreng-ala-aji-no-moto-HkePx,Pangsit Goreng Ala AJI‑NO‑MOTO®,"
Bahan Bahan
                            
                            
                            
                                                                                                100 gr Daging ikan tenggiri 
                                                                                                                                12 bh  Kulit pangsit 
                                                                                                                                100 gr  Tapioka 
                                                                                                                                1 sdt  AJI-NO-MOTO® 
                                                                                                                                1 sdm Gula pasir 
                                                                                                                                ½ sdt  Garam 
                                                                                                                                50 gr  Santan 
                                                                                                                                1 btr  Telur 
                                                                                                                                1 siung  Bawang merah 
                                                                                                                                1 siung  Bawang putih 
                                                                                                                                500 ml  Minyak goreng 
                                                                                                                                Pelengkap : 
                                                                                                                                2 sdm Air untuk merekatkan pangsit 
","Buat isian pangsit : blender daging ikan tenggiri, tepung tapioka, santan, telur, bawang putih, bawang merah, AJI‑NO‑MOTO®, garam, dan gula pasir, hingga lembut, sisihkan.
Siapkan kulit pangsit, Masukkan isian ke dalam kulit pangsit.
Gulung pangsit dan rapatkan ujungnya dengan sedikit air. Lakukan hingga adonan dan kulit pangsit habis.
Panaskan minyak, goreng pangsit ikan hingga kuning kecoklatan, angkat dan sajikan."
https://www.dapurumami.com/resep/kulit-ayam-krispi-saus-telur-asin-ala-sajiku-Yg2XG,Kulit Ayam Krispi Saus Telur Asin Ala Sajiku®,"
Bahan Bahan
                            
                            
                            
                                                                                                100 gr Kulit ayam 
                                                                                                                                1 bks Sajiku® Tepung Bumbu 80 gr 
                                                                                                                                5 sdm Air es 
                                                                                                                                600 ml Minyak goreng 
                                                                                                                                Bahan saus : 
                                                                                                                                2 bh  Kuning telur asin 
                                                                                                                                3 sdm  Mentega 
                                                                                                                                1 sdm  Gula 
                                                                                                                                1 lbr Daun jeruk 
","Buat adonan basah: campur 2 sdm Sajiku® Tepung Bumbu dengan 5 sdm air es. Sisanya digunakan sebagai adonan kering.
Masukkan ayam ke dalam adonan basah, gulingkan ke adonan kering sambil diremas-remas hingga terbentuk kulit yang keriting, ketuk-ketuk agar sisa tepung hilang.
Panaskan minyak goreng, goreng kulit ayam hingga kuning kecoklatan. Angkat dan tiriskan.
Buat saus : Panaskan mentega, masukkan kuning telur asin, gula dan daun jeruk, aduk hingga berbuih, angkat.  Tuang saus di atas kulit ayam krispi, sajikan."
https://www.dapurumami.com/resep/ikan-tongkol-bumbu-rujak-ala-aji-no-moto-K1IHD,Ikan Tongkol Bumbu Rujak Ala AJI‑NO‑MOTO®,"
Bahan Bahan
                            
                            
                            
                                                                                                200 gr  Ikan tongkol 
                                                                                                                                300 ml  Santan encer 
                                                                                                                                1 sdt  AJI-NO-MOTO® 
                                                                                                                                ¼ sdt  Garam 
                                                                                                                                1 sdm  Gula merah 
                                                                                                                                3 bh  Daun jeruk 
                                                                                                                                3 sdm  Minyak goreng 
                                                                                                                                Bahan halus: 
                                                                                                                                3 siung  Bawang merah 
                                                                                                                                3 siung  Bawang putih 
                                                                                                                                2 ruas  Lengkuas 
                                                                                                                                1 btg  Sereh 
                                                                                                                                2 btr  Kemiri 
                                                                                                                                3 bh  Cabai merah 
                                                                                                                                50 ml  Air 
","Buat bumbu halus : Haluskan bawang merah, bawang putih, lengkuas, sereh, kemiri, cabai merah, dan air.
Panaskan minyak goreng, masukkan bumbu halus dan daun jeruk, tumis hingga harum.
Masukkan ikan tongkol, aduk rata, masak hingga berubah warna.
Masukkan santan, AJI‑NO‑MOTO®, garam, dan gula, aduk rata. Masak hingga santan menyusut. Angkat dan sajikan."
https://www.dapurumami.com/resep/jamur-crispy-asam-manis-ala-saori-gBjGm,Jamur Crispy Asam Manis Ala Saori,"
Bahan Bahan
                            
                            
                            
                                                                                                80 gr Jamur tiram 
                                                                                                                                50 gr  Terigu 
                                                                                                                                1 btr  Telur 
                                                                                                                                ½ sdt  Garam 
                                                                                                                                ¼ sdt  Merica 
                                                                                                                                3 sdm  Air 
                                                                                                                                500 ml Minyak goreng 
                                                                                                                                Bahan saus: 
                                                                                                                                150 ml  Air 
                                                                                                                                1 bks  SAORI® Saus Asam Manis 
                                                                                                                                ¼ bh  Bawang Bombay 
                                                                                                                                20 gr  Wortel 
","Iris bawang Bombay, potong wortel bentuk korek api, sisihkan.
Siapkan wadah, masukkan terigu, telur, 3 sdm air, garam, dan merica, aduk rata. Masukkan jamur  kedalam adonan tepung basah hingga terbalut rata, goreng  hingga matang. Angkat tiriskan.
Buat saus : panaskan 3 sdm minyak goreng, masukkan bawang bombay dan wortel, tumis hingga layu.
Masukkan air dan SAORI® Saus Asam Manis, masak hingga saus mengental. Tuangkan diatas jamur krispi, angkat sajikan."
https://www.dapurumami.com/resep/nasi-kepal-korea-ala-sajiku-crAgE,Nasi Kepal Korea Ala Sajiku®,"
Bahan Bahan
                            
                            
                            
                                                                                                300 gr Nasi pulen 
                                                                                                                                1 bks  Sajiku® Bumbu Nasi Goreng Rasa Ayam  
                                                                                                                                1 bh  Sosis ayam 
                                                                                                                                50 gr  Nanas 
                                                                                                                                20 gr  Wortel 
                                                                                                                                ¼ bh Bombay cincang 
                                                                                                                                1 btg Daun bawang 
                                                                                                                                2 sdm Minyak goreng 
                                                                                                                                ¼ lbr  Irisan nori 
","Potong sosis, nanas dan wortel ukuran dadu kecil. cincang bawang bombai dan iris daun bawang. Sisihkan.
Panaskan minyak, masukkan bawang bombai, sosis, wortel, dan nanas, tumis sebentar.
Masukkan nasi, daun bawang, dan Sajiku® Bumbu Nasi Goreng Rasa Ayam. Aduk rata, angkat dan tiriskan.
Kepal nasi berbentuk bola kecil, tambahkan nori diatasnya, lakukan hingga nasi goreng habis, sajikan."
https://www.dapurumami.com/resep/salad-buah-mayo-ala-mayumi-Sb7lP,Salad Buah Mayo Ala Mayumi®,"
Bahan Bahan
                            
                            
                            
                                                                                                100 gr  Melon 
                                                                                                                                100 gr  Strawberry 
                                                                                                                                1 bh  Apel 
                                                                                                                                100 gr  Anggur 
                                                                                                                                100 gr  Jeruk 
                                                                                                                                100 gr Jelly 
                                                                                                                                50 gr Keju parut 
                                                                                                                                Bahan saus: 
                                                                                                                                1 bks Mayumi® 100 gr 
                                                                                                                                2 sdm  Yoghurt plain 
                                                                                                                                7 sdm  Susu kental manis 
                                                                                                                                100 ml Susu cair 
","Potong melon, strawberry, apel, anggur, dan jelly, sisihkan.
Buat saus: Campur Mayumi®, susu kental manis, yoghurt plain, dan susu cair, aduk rata.
Siapkan wadah, masukkan potongan buah melon, strawberry, apel, anggur, jeruk, dan jelly, tuang saus mayo di atas nya.
Taburi dengan keju parut, sajikan."
https://www.dapurumami.com/resep/jamur-crispy-saus-thai-ala-sajiku-QBxKV,Jamur Crispy Saus Thai Ala Sajiku®,"
Bahan Bahan
                            
                            
                            
                                                                                                80 gr Jamur enoki 
                                                                                                                                1 bks Sajiku® Tepung Bumbu 80gr 
                                                                                                                                100 ml Air 
                                                                                                                                600 ml Minyak goreng 
                                                                                                                                Bahan saus: 
                                                                                                                                75 ml Air 
                                                                                                                                1 sdm Cabai merah besar giling 
                                                                                                                                1 sdm Gula pasir 
                                                                                                                                ½ sdm Cuka 
                                                                                                                                1 btg Daun ketumbar 
                                                                                                                                ¼ sdt Garam 
                                                                                                                                1 sdm Larutan maizena 
","Siapkan wadah, masukkan Sajiku® Tepung Bumbu  dan air, aduk rata.
Celupkan jamur enoki  kedalam adonan hingga terbalut rata.
Panaskan minyak goreng. Masukkan jamur enoki satu per satu, goreng hingga berwarna kuning kecoklatan. Angkat dan tiriskan.
Buat saus : Masukkan cabai merah giling, gula pasir, cuka, daun ketumbar, garam, larutan maizena, dan air, masak hingga saus mengental. Sajikan jamur dengan saus Thai."
https://www.dapurumami.com/resep/pangsit-kuah-masako-pds7E,Pangsit Kuah Masako®,"
Bahan Bahan
                            
                            
                            
                                                                                                50 gr Daging ayam cincang 
                                                                                                                                100 gr Tahu 
                                                                                                                                10 bh Kulit pangsit 
                                                                                                                                50 gr Wortel 
                                                                                                                                1 bks Masako® Rasa Ayam 10 gr 
                                                                                                                                1 btg Daun bawang 
                                                                                                                                1 btg Seledri 
                                                                                                                                600 ml Air 
","Iris wortel dan daun bawang, sisihkan.
Buat isian pangsit: Siapkan wadah, masukkan ayam cincang, daun bawang, tahu, dan 1/4 bungkus Masako® Rasa Ayam 10 gr. Aduk rata.
Siapkan kulit pangsit, Masukkan isian ke dalam kulit pangsit, lipat rapi. Sisihkan.
Panaskan air, masukkan wortel, rebus hingga setengah matang. Masukkan pangsit, seledri, dan sisa 3/4 bungkus Masako® Rasa Ayam, masak hingga matang. Angkat dan sajikan."
https://www.dapurumami.com/resep/tumis-cumi-hitam-ala-aji-no-moto-ggb4Z,Tumis Cumi Hitam Ala AJI‑NO‑MOTO®,"
Bahan Bahan
                            
                            
                            
                                                                                                200 gr Cumi-cumi 
                                                                                                                                1 bh Tomat merah kecil, potong 
                                                                                                                                3 bh Cabai rawit merah 
                                                                                                                                1 bh Cabai hijau besar 
                                                                                                                                1 ruas Lengkuas 
                                                                                                                                3 siung Bawang merah, iris 
                                                                                                                                3 siung Bawang putih, iris 
                                                                                                                                1 ruas Jahe 
                                                                                                                                1 sdt AJI-NO-MOTO® 
                                                                                                                                1/4 sdt Garam 
                                                                                                                                1/2 sdt Merica 
                                                                                                                                50 ml Air 
                                                                                                                                3 sdm Minyak Goreng 
","Iris cabai hijau besar, cabai rawit, geprek lengkuas dan jahe, bawang putih, dan bawang merah. Lalu geprek lengkuas, jahe dan potong-potong tomat.
Panaskan minyak goreng. Tumis bawang putih, bawang merah, cabai hijau besar, cabai rawit, lengkuas dan jahe hingga harum.
Masukkan cumi-cumi, aduk rata. AJI‑NO‑MOTO®, garam, dan merica, aduk rata.
Masukkan AJI‑NO‑MOTO®, garam, dan merica lalu aduk rata. Tambahkan air dan potongan tomat. Masak hingga matang."
https://www.dapurumami.com/resep/mie-goreng-sambal-matah-ala-sajiku-l3ar6,Mie Goreng Sambal Matah Ala Sajiku®,"
Bahan Bahan
                            
                            
                            
                                                                                                200 gr Mie telur rebus 
                                                                                                                                2 bh Telur kocok 
                                                                                                                                1 bks Sajiku® Bumbu Nasi Goreng Rasa Ayam 
                                                                                                                                2 bh Sosis ayam 
                                                                                                                                2 sdm Minyak goreng 
                                                                                                                                Sambal matah: 
                                                                                                                                3 bh Cabai merah besar 
                                                                                                                                8 siung Bawang merah 
                                                                                                                                5 bh Cabai rawit 
                                                                                                                                2 btg Sereh 
                                                                                                                                1 sdt Terasi 
","Iris bawang merah, cabai merah besar, cabai rawit, sereh, dan sosis. sisihkan.
Panaskan minyak goreng, orak arik telur hingga matang. Sisihkan di pinggir wajan.
Masukkan bawang merah, cabai merah besar, cabai rawit, sereh, terasi, dan sosis ayam. Aduk rata.
Masukkan mie telur rebus dan Sajiku® Bumbu Nasi Goreng Rasa Ayam, aduk rata, angkat dan sajikan."
https://www.dapurumami.com/resep/mayo-sponge-cake-ala-mayumi-3AkyB,Mayo Sponge Cake Ala Mayumi®,"
Bahan Bahan
                            
                            
                            
                                                                                                180 gr Tepung terigu 
                                                                                                                                6 butir Telur 
                                                                                                                                175 gr Gula 
                                                                                                                                1 bks Mayumi® 100 gr 
                                                                                                                                1/2 sdm Pengembang kue 
                                                                                                                                20 gr Maizena 
                                                                                                                                20 gr Baking powder 
                                                                                                                                30 gr Susu bubuk 
                                                                                                                                1/2 sdt Vanili 
                                                                                                                                3 sdm Susu kental manis 
                                                                                                                                10 gr Mentega (untuk olesan loyang) 
                                                                                                                                400 ml Air (untuk memanggang) 
","Kocok telur, gula, dan pengembang kue hingga mengembang dengan mixer.
Masukkan tepung terigu, maizena, susu bubuk, susu kental manis, baking powder, dan vanili, aduk rata dengan mixer.
Masukkan Mayumi® sambil di aduk dengan mixer.
Tuangkan adonan ke loyang yang telah diberi mentega, kukus di atas teflon berisi 400 ml air selama kurang lebih 20 menit. Angkat dan sajikan."
https://www.dapurumami.com/resep/nasi-goreng-oriental-ala-saori-sTC47,Nasi Goreng Oriental Ala Saori,"
Bahan Bahan
                            
                            
                            
                                                                                                180 gr Nasi 
                                                                                                                                50 gr Dada ayam 
                                                                                                                                1 btr Telur 
                                                                                                                                2 bh Jamur kancing 
                                                                                                                                25 gr Wortel 
                                                                                                                                1 bks SAORI® Saus Tiram 
                                                                                                                                2 siung Bawang putih 
                                                                                                                                1/2 siung Bawang bombay 
                                                                                                                                2 bh Cabai rawit merah 
                                                                                                                                1 btg Daun bawang 
                                                                                                                                3 sdm Minyak goreng 
","Cincang bawang putih, bawang Bombay, potong wortel, iris jamur dan cabai rawit merah, potong ayam bentuk dadu.
Tumis bawang putih dan bawang bombay hingga harum. Masukkan wortel, jamur, cabai, dan ayam.
Sisihkan tumisan dipinggir wajan, Orak-arik telur.
Masukkan nasi, daun bawang dan SAORI® Saus Tiram. Aduk rata, masak hingga matang."
https://www.dapurumami.com/resep/nasi-mentai-ala-mayumi-zH5fe,Nasi Mentai Ala Mayumi®,"
Bahan Bahan
                            
                            
                            
                                                                                                300 gr Nasi 
                                                                                                                                2 bh Sosis ayam 
                                                                                                                                180 gr Mayumi® Pedas 
                                                                                                                                40 gr Mayumi® 
                                                                                                                                1/2 lbr Nori 
                                                                                                                                2 sdm Kecap asin 
                                                                                                                                1 sdt Cabai bubuk 
","Iris sosis ayam, sisihkan.
Masukkan nasi, sosis ayam, kecap asin, nori, 40 gr Mayumi® Pedas, dan 40 gr Mayumi® ke dalam wadah. Aduk rata dan tuang ke wadah tahan panas.
Tambahkan Mayumi® Pedas diatasnya sebagai topping dan taburi dengan cabai bubuk.
Panggang dalam wajan anti lengket dengan sedikit air hingga matang. Angkat dan sajikan."
https://www.dapurumami.com/resep/kwetiau-goreng-ayam-ala-sajiku-3cwFw,Kwetiau Goreng Ayam Ala Sajiku®,"
Bahan Bahan
                            
                            
                            
                                                                                                200 gr Kwetiau 
                                                                                                                                2 bh Telur kocok 
                                                                                                                                30 gr Ayam rebus suwir 
                                                                                                                                1 bks Sajiku® Bumbu Nasi Goreng Rasa Ayam 
                                                                                                                                5 btg Sawi hijau 
                                                                                                                                70 gr Kol 
                                                                                                                                2 sdm Minyak goreng 
","Iris kol dan sawi hijau sisihkan.
Panaskan minyak, orak-arik telur hingga matang. Sisikan dipinggir wajan.
Masukkan kol, sawi hijau, ayam suwir. Aduk rata.
Masukkan kwetiau dan Sajiku® Bumbu Nasi Goreng Rasa Ayam. Aduk rata. Angkat dan sajikan."
https://www.dapurumami.com/resep/asem-asem-ayam-kampung-ala-aji-no-moto-3OFRm,Asem‑Asem Ayam Kampung Ala AJI‑NO‑MOTO®,"
Bahan Bahan
                            
                            
                            
                                                                                                4 potong Ayam kampung 
                                                                                                                                1 ltr Air 
                                                                                                                                1 sdt AJI-NO-MOTO® 
                                                                                                                                1 sdm Garam 
                                                                                                                                6 bh Cabai rawit 
                                                                                                                                4 bh Belimbing sayur/wuluh 
                                                                                                                                2 bh Tomat hijau 
                                                                                                                                2 ruas Lengkuas 
                                                                                                                                1 lbr Daun salam 
                                                                                                                                2 siung Bawang putih 
                                                                                                                                4 siung Bawang merah 
                                                                                                                                2 sdm Minyak 
","Geprak lengkuas, iris-iris bawang putih, bawang merah, belimbing sayur, dan tomat, geprak lengkuas, sisihkan.
Panaskan 2 sdm minyak, masukkan bawang putih, bawang merah, cabai rawit, belimbing sayur, daun salam, lengkuas, dan ayam, tumis hingga ayam berubah warna.
Masukkan air, dan tomat hijau, aduk sebentar.
Masukkan AJI‑NO‑MOTO® dan garam. Masak hingga matang."
https://www.dapurumami.com/resep/bakwan-jagung-keju-ala-sajiku-H99fZ,Bakwan Jagung Keju Ala Sajiku®,"
Bahan Bahan
                            
                            
                            
                                                                                                70 gr Jagung 
                                                                                                                                1 bks Sajiku® Tepung Bakwan 
                                                                                                                                130 ml Air 
                                                                                                                                400 ml Minyak Goreng 
                                                                                                                                40 gr Udang 
                                                                                                                                20 gr Keju 
                                                                                                                                1 sdt Seledri cincang 
","Cincang kasar udang, potong keju ukuran dadu kecil, sisihkan.
Masukkan udang, keju, jagung, dan seledri.
Masukkan Sajiku® Tepung Bumbu Bakwan Crispy, dan air, aduk rata.
Panaskan minyak goreng, masukkan adonan dengan sendok, goreng hingga matang dan berwarna kuning keemasan."
https://www.dapurumami.com/resep/ikan-mas-pesmol-ala-masako-bAc9i,Ikan Mas Pesmol Ala Masako®,"
Bahan Bahan
","Panaskan minyak goreng. Lumuri ikan mas dengan ¼ bks Masako® Rasa Ayam, goreng hingga matang. Angkat dan sisihkan.
Blender bumbu halus (lengkuas, bawang putih, jahe, kemiri, dan kunyit). Tambahkan air untuk mempermudah proses blender. Sisihkan.
Panaskan 3 sdm minyak goreng, masukkan bumbu halus, cabai rawit merah,  cabai rawit hijau, sereh, dan daun jeruk, tumis hingga harum. Masukkan ½ bungkus Masako® Rasa Ayam, aduk rata.
Masukkan air dan ikan goreng. Aduk rata dan masak hingga mengental."
https://www.dapurumami.com/resep/roti-gulung-mayo-abon-ala-mayumi-4fOn5,Roti Gulung Mayo Abon Ala Mayumi®,"
Bahan Bahan
                            
                            
                            
                                                                                                10 lbr Roti tawar 
                                                                                                                                1  tube Mayumi® Pedas 180 gr 
                                                                                                                                50 gr Abon ayam 
","Ambil roti tawar, olesi dengan Mayumi® Pedas.
Taburi abon ayam di roti mayo.
Gulung roti mayo abon.
Panggang di atas wajan anti lengket dengan api kecil hingga kecoklatan. Angkat dan sajikan."
https://www.dapurumami.com/resep/ayam-crispy-saus-korea-ala-sajiku-A9KpS,Ayam Crispy Saus Korea Ala Sajiku®,"
Bahan Bahan
                            
                            
                            
                                                                                                250 gr Daging ayam (3 potong) 
                                                                                                                                1 bks Sajiku® Tepung Bumbu Golden Crispy 80 gr 
                                                                                                                                5 sdm Air 
                                                                                                                                600 ml Minyak goreng 
                                                                                                                                1 sdm Wijen sangrai 
                                                                                                                                Bahan Saus Korea: 
                                                                                                                                2 sdm Saus sambal 
                                                                                                                                1 sdt Cuka apel 
                                                                                                                                3 sdm Gula 
                                                                                                                                2 sdm Kecap asin 
                                                                                                                                100 ml Air 
                                                                                                                                2 sdm Larutan maizena 
","Buat adonan basah dengan melarutkan 1 Sajiku® Tepung Bumbu Golden Crispy dengan 5 sdm air, aduk rata. Sisa Sajiku® Tepung Bumbu Golden Crispy digunakan sebagai adonan kering
Gulingkan ayam ke adonan kering, kemudian celupkan ke adonan basah hingga rata. Lalu gulingkan kembali ke adonan kering sambil diremas-remas hingga terbentuk kulit tepung yang keriting.
Panaskan minyak goreng. Goreng ayam hingga berwarna kuning kecoklatan. Angkat dan tiriskan.
Buat saus: Panaskan wajan, masukkan saus sambal, cuka apel, larutan maizena, kecap asin, dan air, aduk hingga mengental. Masukkan ayam goreng, aduk rata dan taburi dengan wijen."
https://www.dapurumami.com/resep/ayam-goreng-ungkep-ala-saori-8rS6V,Ayam Goreng Ungkep Ala SAORI®,"
Bahan Bahan
                            
                            
                            
                                                                                                250 gr Daging ayam (4 ptg) 
                                                                                                                                1 bks SAORI® Saus Tiram 
                                                                                                                                3 siung Bawang merah 
                                                                                                                                2 siung Bawang putih 
                                                                                                                                350 ml Air 
                                                                                                                                600 ml Minyak goreng 
","Haluskan bawang merah dan bawang putih.
Panaskan 3 sdm minyak goreng, masukkan bumbu halus, tumis hingga harum. Masukkan ayam, air, dan SAORI® Saus Tiram.
Ungkep ayam hingga empuk dan air meresap dalam daging.
Panaskan minyak goreng, goreng ayam hingga bagian kulitnya agak kering. Angkat dan sajikan."
https://www.dapurumami.com/resep/udang-telur-asin-ala-aji-no-moto-MwLd7,Udang Telur Asin Ala AJI‑NO‑MOTO®,"
Bahan Bahan
                            
                            
                            
                                                                                                200 gr Udang 
                                                                                                                                2 bh Kuning telur asin matang 
                                                                                                                                1 btg Daun bawang 
                                                                                                                                1 btg Daun kari 
                                                                                                                                1 sdt AJI-NO-MOTO® 
                                                                                                                                4 sdm Tepung terigu 
                                                                                                                                1 bh Telur ayam 
                                                                                                                                1/2 sdt Garam 
                                                                                                                                300 ml Minyak goreng 
","Campur terigu, telur, dan ¼ sdt garam, aduk rata. lalu Masukkan udang, lumuri dengan adonan tepung.
Panaskan minyak goreng. Goreng udang tepung hingga matang, angkat dan sisihkan.
Panaskan 3 sdm minyak goreng. Masukkan kuning telur asin matang, daun bawang, daun kari, dan Ajinomoto®, dan ¼ sdt garam, aduk rata hingga mengembang dan matang.
Masukkan udang goreng tepung, dan aduk rata. Angkat dan sajikan."
https://www.dapurumami.com/resep/gepuk-daging-sapi-ala-masako-x6MHh,Gepuk Daging Sapi Ala Masako®,"
Bahan Bahan
                            
                            
                            
                                                                                                300 gr Daging sapi bagian gandik 
                                                                                                                                1,5 ltr Santan encer 
                                                                                                                                1 bks Masako® Rasa Sapi 
                                                                                                                                2 sdm Gula merah 
                                                                                                                                1 btg Sereh 
                                                                                                                                1 lbr Daun salam 
                                                                                                                                2 lbr Daun jeruk 
                                                                                                                                2 sdm Air asam jawa 
                                                                                                                                1 sdm Ketumbar bubuk 
                                                                                                                                2 ruas lengkuas 
                                                                                                                                300 ml Minyak 
","Geprek lengkuas, iris-iris daging sapi searah serat. Sisihkan.
Panaskan santan encer, masukkan daging sapi, daun salam, sereh, lengkuas, air asam jawa, gula merah, ketumbar bubuk dan Masako® Rasa Sapi. Aduk rata, masak hingga air menyusut, angkat dan tiriskan.
Pukul-pukul daging sapi menggunakan cobek
Panaskan minyak goreng. Goreng gepuk daging  sapi hingga kecoklatan."
https://www.dapurumami.com/resep/tongseng-ayam-ala-sajiku-59NIO,Tongseng Ayam Ala Sajiku®,"
Bahan Bahan
                            
                            
                            
                                                                                                250 gr Ayam fillet 
                                                                                                                                1 bks Sajiku® Bumbu Rendang 
                                                                                                                                3 sdm Minyak goreng 
                                                                                                                                3 lbr Daun jeruk 
                                                                                                                                600 ml Santan encer 
                                                                                                                                2 sdm Kecap manis 
                                                                                                                                100 gr kol 
                                                                                                                                1 bh tomat 
","Iris kol dan tomat. Potong ayam bentuk dadu.
Panaskan minyak goreng. Masukkan ayam, tumis hingga berubah warna
Tambahkan santan encer, kecap, daun jeruk, dan Sajiku® Bumbu Rendang. Aduk rata, masak hingga matang.
Masukkan kol dan tomat. Aduk sebentar, angkat, dan sajikan."
https://www.dapurumami.com/resep/gulai-kambing-ala-sajiku-BcNQ4,Gulai Kambing Ala Sajiku®,"
Bahan Bahan
                            
                            
                            
                                                                                                200 gr Daging kambing rebus 
                                                                                                                                1 bks Sajiku® Bumbu Gulai Padang 
                                                                                                                                600 ml Air 
                                                                                                                                3 lbr Daun jeruk 
                                                                                                                                200 ml Santan kental 
","Panaskan 600 ml air, tambahkan santan kental.
Masukkan daging kambing dan daun jeruk.
Masukkan Sajiku® Bumbu Gulai Padang, aduk terus hingga mengental.
Masak hingga matang."
https://www.dapurumami.com/resep/sate-kambing-teriyaki-ala-saori-A55pi,Sate Kambing Teriyaki Ala SAORI®,"
Bahan Bahan
                            
                            
                            
                                                                                                160 gr Daging kambing 
                                                                                                                                1 bks SAORI® Saus Teriyaki 
                                                                                                                                2 lbr Daun pepaya 
                                                                                                                                1 sdm Minyak goreng 
                                                                                                                                Bahan pelengkap: 
                                                                                                                                Acar 
                                                                                                                                12 bh Tusuk sate 
","Potong daging kambing bentuk dadu, campurkan dengan minyak dan SAORI® Saus Teriyaki.
Bungkus dengan daun pepaya selama +/- 60 menit.
Tusuk daging kambing dengan tusuk sate.
Bakar dengan alat pemanggang sate hingga matang. Angkat dan sajikan."
https://www.dapurumami.com/resep/pisang-goreng-ala-sajiku-duMvL,Pisang Goreng Ala Sajiku®,"
Bahan Bahan
                            
                            
                            
                                                                                                7 bh Pisang kepok 
                                                                                                                                1 bks Sajiku® Tepung Manis Serbaguna 75gr 
                                                                                                                                85 ml Air 
                                                                                                                                600 ml Minyak goreng 
","Iris pisang kepok bentuk kipas.
Campur 1 bungkus 75gr Sajiku® Tepung Manis dengan 85ml air.
Celup pisang satu persatu hingga terbalut adonan
Goreng dalam minyak panas hingga kuning keemasan (5-7 menit). Angkat dan sajikan"
https://www.dapurumami.com/resep/kaki-naga-sayur-ala-aji-no-moto-MWsN9,Kaki Naga Sayur Ala AJI‑NO‑MOTO®,"
Bahan Bahan
                            
                            
                            
                                                                                                150 gr Daging ayam 
                                                                                                                                10 gr Bayam 
                                                                                                                                1 sdt AJI-NO-MOTO® 
                                                                                                                                6 sdm Tepung terigu 
                                                                                                                                1 sdt Garam 
                                                                                                                                1 sdm Gula 
                                                                                                                                1/2 sdt Merica 
                                                                                                                                1/2 sdt Merica 
                                                                                                                                Bahan pelapis: 
                                                                                                                                50 gr Tepung terigu 
                                                                                                                                50 gr Tepung roti 
                                                                                                                                1 btr Telur kocok 
                                                                                                                                Bahan pelengkap: 
                                                                                                                                8 bh stik es krim/sumpit bambu 
","Cincang bayam.
Blender daging ayam, telur, gula, merica, AJI‑NO‑MOTO®, dan garam hingga halus. Tambahkan tepung terigu dan bayam, aduk rata. Bagi menjadi 8 buah, bentuk oval dan tusuk dengan stik kayu.
Gulirkan kaki naga ke dalam tepung terigu, lalu celupkan ke telur kocok, dan gulingkan ke dalam tepung roti.
Panaskan minyak goreng, masak kaki naga hingga kuning keoklatan. Angkat dan sajikan."
https://www.dapurumami.com/resep/nasi-goreng-sambal-matah-ala-sajiku-wWyN9,Nasi Goreng Sambal Matah Ala Sajiku®,"
Bahan Bahan
                            
                            
                            
                                                                                                250 gr Nasi 
                                                                                                                                100 gr Kol 
                                                                                                                                1 bh Sosis ayam 
                                                                                                                                1 bks Sajiku® Bumbu Nasi Goreng Rasa Ayam 
                                                                                                                                2 sdm Minyak goreng 
                                                                                                                                5 bh Cabai rawit 
                                                                                                                                5 siung Bawang merah 
                                                                                                                                1 btg Sereh 
                                                                                                                                1/2 sdt Terasi 
","Iris kol, sereh, bawang merah, cabai rawit, dan sosis ayam, sisihkan.
Panaskan minyak, tumis terasi, bawang merah, cabai, dan sereh hingga matang.
Masukkan nasi, sosis ayam, dan kol.
Tambahkan Sajiku® Bumbu Nasi Goreng Rasa Ayam, aduk hingga rata. Angkat dan sajikan."
https://www.dapurumami.com/resep/kentang-goreng-bolognese-ala-delito-DMWge,Kentang Goreng Bolognese Ala Delito®,"
Bahan Bahan
                            
                            
                            
                                                                                                200 gr Kentang goreng 
                                                                                                                                1 bks Delito® Bumbu Bolognese 
                                                                                                                                2 bh Sosis sapi 
                                                                                                                                20 gr Brokoli 
                                                                                                                                150 ml Air 
                                                                                                                                1 sdm Keju parut mudah leleh 
                                                                                                                                2 sdm Minyak goreng 
","Iris sosis sapi.
Panaskan minyak goreng, tumis sosis sapi hingga berubah warna.
Tambahkan air dan Delito® Bumbu Bolegnese, aduk hingga saus mengental.
Tambahkan potongan brokoli ke wajan, tuangkan saus ke kentang goreng, sajikan hangat."
https://www.dapurumami.com/resep/pentol-sapi-ala-masako-sytYc,Pentol Sapi Ala Masako®,"
Bahan Bahan
                            
                            
                            
                                                                                                100 gr Daging sapi khusus bakso 
                                                                                                                                2 sdm Tepung tapioka 
                                                                                                                                1 bks Masako® Rasa Sapi 
                                                                                                                                100 gr Es batu 
                                                                                                                                1 ltr Air (untuk merebus) 
","Blender daging sapi dan es batu hingga halus, masukkan ke dalam wadah.
Masukkan tepung tapioka dan Masako® Rasa Sapi ke dalam wadah yang berisi daging sapi giling, aduk rata.
Bagi adonan menjadi 6 bagian, bulatkan.
Panaskan air, rebus pentol hingga matang. Angkat dan sajikan."
